id,state
04LS_nagoya,bot
0gn,bot
0k__2,bot
0ts__,bot
100rahal100,bot
10baigaeshida,bot
112Twente,bot
121Training,bot
12News,bot
140journos,bot
14Mundial,bot
164203,bot
1DAllUpdateess,bot
1DBR,bot
1Me100,bot
1TVNewsAF,bot
2014Abdallh,bot
24HorasTV,bot
24sata_HR,bot
263Chat,bot
2NE1tv,bot
2ch_c,bot
2kidsandacoupon,bot
2themillbeats,bot
360Connect,bot
3AW693,bot
3jsb_unofficial,bot
m9b9k,bot
46nekopj,bot
47newsflash,bot
4VisionPR,bot
55smiling,bot
5SOSPHOfficial,bot
5hNewsBrasil,bot
5llw05,bot
6_ski,bot
7iiix,bot
7ussain51,bot
800Nalgas,bot
82lid,bot
8l5ii,bot
8o0otshy,bot
9090_q8,bot
9NewsBrisbane,bot
AAdd0,bot
ABC7News,bot
ABCCardinal,bot
ACritica,bot
ADELLEO,bot
AIiandoKEPO,bot
ALAHLI_SC,bot
APOLONIAPORN,bot
AP_Noticias,bot
AP_Sports,bot
iloveyousmileme,bot
AlahmadiAAFS,bot
About_Di,bot
goodnewsace,bot
Adv_777,bot
AesopRockWins,bot
AidilAKBAR,bot
Ak_Hareket,bot
Akamai,bot
AlBawabaNews,bot
Al_ahlinews,bot
Alastairkretser,bot
AleEnForma,bot
AllHipHopModels,bot
AmorUnaDecision,bot
Amtrak,bot
Ana_Al_Fahad,bot
AnabellePync,bot
JhosisVlogs,bot
AnimeVoice,bot
Annenishadi,bot
AntenaSanLuis,bot
AntiTalibanISIS,bot
AphorismRU,bot
AppleInsider_ru,bot
AppzThatRock,bot
AraguaTamanaco,bot
ArgaamIM,bot
AriesWeAre,bot
Ars3Follows,bot
AsapTwelvyy,bot
AshiLabouisse,bot
AutoSportsArt,bot
AutopCentral,bot
AwakenToGod,bot
Azooz_1Q,bot
B8B88,bot
BABYFAITHmisato,bot
BBCWales,bot
BBC_HaveYourSay,bot
BDisgusting,bot
BDnews,bot
HLS_backup,bot
BIGBANG5TV,bot
BMVMercados,bot
BTCare,bot
4u_ih,bot
BabbleEditors,bot
BaderDiab,bot
Balonazos,bot
BancoGalicia,bot
BarbaraDuke,bot
BaronessDupont,bot
BenningtonShow,bot
BennyBurrito1,bot
BerengereKrief,bot
BeritaDanKata,bot
BestGamezUp,bot
BetfairExchange,bot
BialCitou,bot
BigBitingPig,bot
BigOShow,bot
BiggaRankin00,bot
BirdBrayn,bot
BlackstoneVG,bot
BlogsofWar,bot
BlueWaterDays,bot
BobBurg,bot
BobMarIeyES,bot
BofA_Help,bot
Boobworld,bot
BosporusCaptan,bot
Boy4ME,bot
BravissimoCity,bot
BrewerVASocial,bot
Britanniacomms,bot
BritneyAyo,bot
BrujaReal,bot
BurroSutil,bot
BurtsBees,bot
BuzzFeedQuiz,bot
CANAL44TV,bot
CANCHAELNORTE,bot
CBCCalgary,bot
CBSDenver,bot
CBSNewYork,bot
CBSPhilly,bot
CBSPittsburgh,bot
CDU,bot
CNNIndonesia,bot
CNNTURKEko,bot
COdomainnames,bot
CTVCalgary,bot
Caixa,bot
Cam4,bot
CanalUGR,bot
CancerBanget,bot
CapsulaCinefila,bot
Captain_Heck,bot
ChaleneJohnson,bot
Channel955,bot
ChelseaRumours,bot
Chev_Chelios7,bot
ChicksDigRap,bot
ChinoTelibleES,bot
ChistesEnFotos,bot
ChistesEnTwits,bot
ChopBoards,bot
Cinemax,bot
CircuitoExitos,bot
Citou1Twiteiro,bot
ClaroTeAyuda,bot
CleClinicMD,bot
ClimaCordoba,bot
ClimateGroup,bot
ClintonNews,bot
CloserOnline,bot
CocaCola_Korea,bot
Colciencias,bot
ColoradoDOT,bot
ColsUnderground,bot
Colvinius,bot
ConValores,bot
ConservationOrg,bot
ContactoCantv,bot
Contexto_Tuc,bot
ConversationEDU,bot
Cr7Fran4ever,bot
CrackerBarrel,bot
CrashFever_PR,bot
Crazy_Golfer,bot
CristoeselSr,bot
Cronosplays,bot
CurvyLadyProbs,bot
CyrilPetit,bot
DCHomos,bot
DECCgovuk,bot
DFinanciero,bot
DJTarget,bot
DJ_BIGVIC,bot
DMForoUnivision,bot
DMRegister,bot
DMZenvios,bot
DanielGennaoui,bot
DanniWithAnEye,bot
DavidSanchezMX,bot
Dawn_Abraham,bot
FireFitsOnly,bot
Dede_Watson,bot
Deema22,bot
DefraGovUK,bot
Demaigi,bot
DiamondLou69,bot
DigitalCuko,bot
Digiturk,bot
DiveSiteNet,bot
DodgersNation,bot
DomusWeb,bot
Dorados,bot
Dougaomoshiro,bot
DrAhmadAlbatli,bot
Grammarly,bot
GranHoroscopo,bot
GrandMetMall,bot
GreggsOfficial,bot
GulfManagers,bot
HARDROCKFMSBY,bot
HDhighresporn,bot
Haberdar,bot
Haili877,bot
Hakingowi,bot
HalabTodayTV,bot
HaloBCA,bot
Hammapreneur,bot
Handebales,bot
HardcoreHistory,bot
HarryFraud,bot
Health_ksa_1,bot
HeatherMarianna,bot
HeeSuee,bot
Hel_loS2,bot
HellOnHeelsGirl,bot
HeyItsMartty,bot
Hezzah,bot
HichamBoulos,bot
Hitorimatsuo,bot
HoffmanKsenia,bot
HolyToriBlack,bot
HoranHeart_x,bot
HoyVerde,bot
HuaweiDevice,bot
Huda_Yassin,bot
HuffPoLifestyle,bot
ICanRel8_,bot
IDC,bot
IIHFHockey,bot
INTToficial,bot
ITTINewspaper,bot
IVIinions,bot
IcelandFoods,bot
IglesiasDiego,bot
Imported_Fun,bot
InFavilla,bot
InSouthFlorida,bot
IndieAuthorNews,bot
Information__1,bot
Ingeniero_Boss,bot
Inkedmag,bot
IntPicks,bot
JAGARlKONG,bot
JCOLET,bot
JNegocios,bot
JdeQuebec,bot
JeanThomasJobin,bot
JedRecord,bot
JeffreyAdamGutt,bot
JessicaCameron_,bot
JhonHenryR,bot
crownfamilyinfo,bot
_36Batool,bot
_Incredulas,bot
MBR_Q8,bot
_diet_meigen_,bot
a1arte,bot
a371771,bot
a_alfajr,bot
aalghatreef,bot
abab1115,bot
abdalmaged,bot
abdullah828282,bot
aboban9,bot
aboutARTmagazin,bot
abuabdullah1970,bot
abyats,bot
actualisimo,bot
adafruit,bot
adelgaza20,bot
adiazpi,bot
adstwi,bot
advertisingweek,bot
adwaalwatan,bot
afabbiano,bot
afterbuzztv,bot
agendaentacones,bot
aghnamcity,bot
aimotweet,bot
aizome_jp,bot
akari_daisuki,bot
akarmeryem,bot
akucumaTANYA,bot
al_nouri_1,bot
A__B__S__50,bot
alalkfkf,bot
holyber,bot
hoyextremadura,bot
hughwizzy,bot
hysoo777,bot
iAmYungBooke,bot
iBUYPOWER,bot
iDjsters,bot
iLukasx100,bot
iMrabtich,bot
iPhoneHackx,bot
iRafaRodriguez,bot
iTweetGue,bot
ian_satyadavies,bot
iansuth,bot
ibeebz2,bot
ibeerboy,bot
iconnnz,bot
ihopkc,bot
ii6vil,bot
imFindDory,bot
im_hank_,bot
imalakk_,bot
indignadosvene2,bot
infoRIAU,bot
ingnl,bot
insopportabile,bot
inthefrow,bot
ioerror,bot
ipansu,bot
it66085434,bot
italoomult,bot
itsNICKSNIDER,bot
itsflop,bot
itti_IFC,bot
ivr6661,bot
ixpanea,bot
izzynobre,bot
jaimemaussan1,bot
jasonplato,bot
jaurehave,bot
jaygatties,bot
jayski,bot
jeff_gluck,bot
jennyoro1,bot
jfwong,bot
jitacrist,bot
jmartNYT,bot
AlArabiya,bot
AlArabiya_Brk,bot
BBCWorld,bot
BreakingNews,bot
CNN,bot
CNNEE,bot
FoxNews,bot
MTV,bot
NBA,bot
NFL,bot
NatGeo,bot
RedeGlobo,bot
Reuters,bot
Starbucks,bot
TIME,bot
TheEconomist,bot
TweetRAMALAN,bot
UberFacts,bot
VictoriasSecret,bot
WSJ,bot
Xbox,bot
detikcom,bot
enews,bot
espn,bot
nytimes,bot
0128tktk,bot
0578K,bot
0cNAmS2t0jncEjp,bot
14ca3911ca384a1,bot
1jedi2,bot
2105nagao,bot
24TRIBE_3951,bot
2_Raaaays,bot
2l00l5,bot
305_shahd,bot
365GettinIt,bot
3838mckrl,bot
3JSB_1335899,bot
3marr_1112,bot
3roOpal5aja,bot
3washy93ali,bot
418Beauty93,bot
48group_love,bot
4Toaru,bot
545240,bot
63Felixsilva,bot
6in_gun_single,bot
908Fg,bot
919seijin,bot
AFacts4You,bot
AKAsuekun,bot
AKHTYSSD,bot
ALTLENE_bot,bot
A___sakush07,bot
Ahmed77_,bot
AlphaCaelum45,bot
andreaaasz,bot
AmsterdamBaan,bot
AnalieWang,bot
Anggraeni_1004,bot
AnittaVerdades,bot
Aoy_ChSM,bot
Astonbeet,bot
AsukaSoryu_,bot
winkframe,bot
BHULLAR_22_,bot
BIG_NOTHING_Co,bot
Badorh,bot
BansheeDaRetard,bot
Bcarter,bot
BeautyBBlog,bot
Beelzebumon_bot,bot
BeerAlien,bot
BietenOnline,bot
Black_Contract,bot
BlueSkyBlue67,bot
BornToWorkout,bot
Brullerby_Suare,bot
BuT39TeR,bot
CTM_Puebla,bot
Cain_RenaLove,bot
CarvajalKaren12,bot
bubukkopi_,bot
CharlesHolden4,bot
ChinaSourceOrg,bot
ChrisJeffries24,bot
DSkinopio_bot,bot
DailyQuestionB,bot
DandaFunk,bot
DateConchi,bot
aminecraftbee,bot
DinheiRonaldo,bot
DystopianQuotes,bot
EN_owl,bot
Eastasianewsnet,bot
ElGeorgeRiveraR,bot
ErikaRae74,bot
Feeds4U,bot
FloorPaezOk,bot
Gakitsuka_,bot
GaylWright,bot
Gureggru_bot,bot
HENRlKSEDIN,bot
HazelAvellana__,bot
Hazzabrilha,bot
Huckst3r,bot
IHONOfukushima,bot
I_AM_CALLYWOOD,bot
Indo_nesia3,bot
InfoSumseL_,bot
JayalahMadrid,bot
Juliasegurax,bot
KEYRISTWAL,bot
KLAASports,bot
Kiba_horse_bot,bot
KostinValentin,bot
L1FOma,bot
LeMagAllHabs,bot
LitigationEdge,bot
LordBlumenberg,bot
Love_5sosFam_,bot
LuciaMicaelaR,bot
LucyBradshaw555,bot
MULTi,bot
Magic_FZ,bot
Maneerh05,bot
MaritalIntel,bot
MarkSinderson,bot
MarquezRotsy,bot
MeStalke,bot
Michael_Vasanth,bot
Miss__Jackson_,bot
Mizukin_R,bot
NPRandBplaylist,bot
N_Takao_Bot,bot
Nappy2TheRoot,bot
Nasution_B,bot
NenkUtrie,bot
NewsInSG,bot
OAUKNetworking,bot
OKA_Ryuhei,bot
OTTAVAsongs,bot
OshareTecho,bot
Oye_TitoNikee,bot
PINTATSPRAYP,bot
PatriaDigital,bot
PaulSchmehl,bot
PeterReinert1,bot
Pkjhwan,bot
PrivyTrifles,bot
RadioElDorado1,bot
ReloadingBR,bot
RememberLove_,bot
RitaSchwarcz,bot
RubyHillDenver,bot
Rustemka,bot
SABO_san_bot,bot
SETYO_OFFICIAL,bot
SHIRANEbot,bot
STiSG5,bot
SaxonLynnArts,bot
ScienceFan4,bot
Seedvillage,bot
Shakshi_Shah,bot
ShishaLK,bot
Soobrando,bot
SoutokuD,bot
Stephbutta,bot
TEATEA_WORLD,bot
TSIphilanthropy,bot
Taiwan_Agent,bot
TanabeYasuokun,bot
TasteLikeLov,bot
TechAdmissions,bot
Teddypinderass,bot
Thaynara_aalves,bot
TheAgeOfThanos,bot
TheKid_TS2,bot
TheReal_LilJoe,bot
TheTypoOfGod,bot
TickerReport,bot
Tonedezzy,bot
TweetNoticia_,bot
TwitMJLK,bot
Victoori000,bot
Worldplplpl,bot
WritersUSA,bot
YMZKMSYK,bot
YiFace99,bot
_AV505,bot
FA8090_,bot
_BaddBby,bot
_BookBH,bot
_MerengUeSoy,bot
_clubROSARIO_,bot
_ignaciio17,bot
_ilovebrandi,bot
_liddoboss,bot
_takamachi_n,bot
a28j52t,bot
a_kamesaki,bot
abipluse,bot
aconnectedwoman,bot
aerith_bot_,bot
agnezmo_crew,bot
aicha77maroc,bot
akakoseizin,bot
akipoo,bot
akuyo_dame,bot
aladdinkhalil21,bot
alamri553,bot
albur1948,bot
algazwany1,bot
ali_abuibrahim,bot
allgringo,bot
allofletters,bot
alltheamourhs,bot
alnaif1199,bot
alznati,bot
amagamere,bot
amulet_ot13,bot
ananda_moura,bot
angomeigen,bot
anknown_zero,bot
annaeuscaesar,bot
aoxche_,bot
arcamovil,bot
asagiriasagi,bot
ayoub_emaazeb,bot
kimina3052,bot
ayeedanni,bot
azusa_10281023,bot
batchild100,bot
bebo20205656,bot
beluquintero99,bot
bestactor16,bot
bestcoupons_pro,bot
bflitter,bot
bftp_ust,bot
blackbullrt,bot
blog_takara,bot
blvd_beats,bot
bootliquor,bot
bot_kiao,bot
bot_sisoku,bot
bravorubendario,bot
bundadoney,bot
bunkyokucom,bot
butte_tocks,bot
ceek_national,bot
ceek_sports,bot
chash_a,bot
chibireeei00,bot
cilaoucaribde,bot
collectivemode_,bot
cynthharrington,bot
darkvader2015,bot
dawlaoeee0,bot
demosco4real,bot
dgantena,bot
eitango8,bot
enjoynewvideos,bot
f_mzher,bot
feeeeepaaaaai,bot
figppei,bot
funnyquad,bot
games_nmp,bot
genkou_yuri,bot
gilalbertson,bot
gonegonems,bot
guadagnaincam,bot
gulto,bot
hCnOjkfMqFfGlUQ,bot
happy_osu,bot
happyswing1970,bot
haru178,bot
harunwijayanto,bot
haylagoulart,bot
hellavenus,bot
favwllms,bot
heygimahone,bot
highprofitmt4,bot
hinata_sk,bot
hiroshi1a2,bot
hope_bot,bot
hopecarlimarie,bot
hula_gonna,bot
hunterhuzuki,bot
hunthehyun,bot
Huskymask16,bot
indiComunista04,bot
iekiek1984,bot
ikinuki_warai,bot
ilhoononly,bot
imas25676405,bot
jdagg19,bot
joaquinbala_,bot
jobfindlybos,bot
jukebox_tweet,bot
jukunenn_deai,bot
kabarapdet,bot
kanfuneko,bot
kanntigai_1,bot
karasugai,bot
kemusiP,bot
ken1500,bot
kencya,bot
kendouippon,bot
kh2013aled818,bot
khalidrafiq138,bot
kido_nr,bot
kosaku776,bot
kukucoo,bot
kumarmangla,bot
kuramoti_asso,bot
laylang,bot
lottogirls,bot
ma_am0522,bot
mags1398,bot
maha9329,bot
majed6617,bot
masutatrading,bot
maumanya,bot
mhf24,bot
mifukukaban,bot
mikanseizindesu,bot
mineBarcel,bot
miyugoroo,bot
nagomiforest,bot
nakajimadeshita,bot
nice_buzz,bot
okamotoorimono,bot
onoderayuichi,bot
orekyuu,bot
orlando15321,bot
osm20009,bot
pantherxp,bot
pentarodayo,bot
piketebow,bot
potato250yen,bot
que_relajo,bot
radioyobelfm,bot
rd_ct_ictv,bot
reonnopiopi,bot
riatomo89,bot
rleeosborn,bot
rocknrollpizza2,bot
rowdy_ratnani,bot
rrabeea78,bot
NOODA1911,bot
saad47179675,bot
salles_marcos,bot
samezi,bot
sanyou103,bot
sasusaku_copy,bot
satonaoya,bot
sectest9,bot
semarang_tweet,bot
sexy_sitagigazo,bot
sexyculonas,bot
soar_mmm,bot
sokohaka_fuzy,bot
solarpowerspork,bot
subama00,bot
suina_763,bot
take_amenbot,bot
tamhaRHidayanto,bot
tapsansan,bot
temporaryniell,bot
temptingtrouble,bot
tilostyln,bot
timetoblazze,bot
tnnxcy,bot
todo_ingenieria,bot
tokiruki_akiru,bot
tokutoku_houku,bot
topicsnews,bot
totukou,bot
trillrill,bot
tteodoras,bot
ugoku_nurie_,bot
uramoty,bot
vanessaMorillo1,bot
warwaywao,bot
www_gazou1,bot
xolll_0_4_2_0_z,bot
y66m83h11,bot
yakimeshi17,bot
youflwmeiflwu,bot
yumitoshi5105,bot
20m,bot
24h_tve,bot
3freta_,bot
488mt,bot
7forluckyApril,bot
911well,bot
A88_88_88A,bot
AJENews,bot
ASOS,bot
ActualidadRT,bot
AlArabiya_EGY,bot
AlArabiya_Iraq,bot
Almuwaizri,bot
AlwatanSA,bot
AppSame,bot
AskPlayStation,bot
Bolanet,bot
BoletinViajes,bot
BuatSeseorang,bot
BuyDotExpress,bot
CaioFAbreuCitou,bot
CanadiensMTL,bot
CaptainAmerica,bot
Carabdechile,bot
CentralParkMall,bot
Channel4News,bot
ChiIIVlbes,bot
CiudadBizarra,bot
ColorsTV,bot
Converse,bot
Country_Words,bot
CruzAzulCD,bot
DDNewsLive,bot
DRUDGE_REPORT,bot
DVF,bot
DZMMTeleRadyo,bot
Daminous_Purity,bot
Dazed,bot
Deadspin,bot
DiarioOle,bot
Dodgers,bot
DrAsa,bot
EFEnoticias,bot
ESPNFC,bot
ESPNagora,bot
EcuavisaInforma,bot
ElRecodoOficial,bot
EsMundoAnimal,bot
Europe1,bot
ExpressNewsPK,bot
FMCENTER,bot
FOXSportsMX,bot
FaisalAbuthnain,bot
FemalePains,bot
Football_ID,bot
Foro_TV,bot
GLaraLopez,bot
GMEAgency,bot
GettySport,bot
Giants,bot
GlamourMex,bot
GobCDMX,bot
HP,bot
HarvardHealth,bot
Hot_Girls_247,bot
postacomtr,bot
HurriyetSpor,bot
IMeSayIt,bot
INESGOMEZMONT,bot
ImRichardYap08,bot
InboxSCTV_,bot
IndosiarID,bot
Infomedia24hrs,bot
Ini_Talkshow,bot
unlockmindset,bot
Inter,bot
IslamQAcom,bot
IslamicThinking,bot
JauaMiranda,bot
JawalWatani,bot
JayGlazer,bot
JhonSjbt,bot
Jimparedes,bot
JoeBudden,bot
JournalDuGeek,bot
Journey_America,bot
JulioBorges,bot
StandardMediaKe,bot
KameronBennett,bot
KanalD,bot
KevinHert4Real,bot
Kitti3Miti,bot
LAClippers,bot
LEXPRESS,bot
LaBomba_Televen,bot
LaHojillaenTV,bot
LaJornada,bot
LaNoticiaViral,bot
La_SER,bot
LadHumour,bot
LibreriasGandhi,bot
LiveSmart,bot
LordLouis3,bot
LovLikeJesus,bot
MAS,bot
MBCNetTweets,bot
MBCinaWeek,bot
MID_RF,bot
MLBNetwork,bot
MSNBC,bot
MarcosWitt,bot
MarcoseBelutti,bot
Medi1TV,bot
MoatazAFattah,bot
MoneyAffairs,bot
MotivasiIlmu,bot
MrScottEddy,bot
NCIS_CBS,bot
NHK_PR,bot
NYTFashion,bot
NYTHealth,bot
NatGeoChannel,bot
NationTV22,bot
NatureNews,bot
NileFM,bot
ONECampaign,bot
OfficialASRoma,bot
OsVersos,bot
Outlook,bot
PatriciaKogut,bot
PrimerImpacto,bot
__C100,bot
a5wesh,bot
abc_es,bot
abcnews,bot
adelmz44,bot
ahorapodemos,bot
akhbar,bot
ala7adeth,bot
alathkaar,bot
alhilalcom,bot
alsumariatv,bot
applenws,bot
arstechnica,bot
asahi,bot
atvcomtr,bot
bbcbrasil,bot
bbcrussian,bot
bharianmy,bot
bieberdexter,bot
bindibba7,bot
blogdecine,bot
buenosdiatodos,bot
catracalivre,bot
chilevision,bot
citizentvkenya,bot
cracked,bot
dakarakoso,bot
dna,bot
dominos,bot
drjasem,bot
drjoyce_knudsen,bot
drr_alklaam,bot
dumagovru,bot
elcolombiano,bot
elcomerciocom,bot
elmostrador,bot
enchufetv,bot
esoterica,bot
esteticaysalud,bot
fanatikcomtr,bot
fieritacatalano,bot
futpicante,bot
gagooa,bot
geoff_deweaver,bot
glennbeck,bot
gmanewsbreaking,bot
govph,bot
gshow,bot
harianbernas,bot
hu_70,bot
ishinkaraca,bot
itoi_shigesato,bot
jeremstar,bot
jochemmyjer,bot
jokoanwar,bot
jrr7ll,bot
jypnation,bot
kaskade,bot
kenichiromogi,bot
kickstarter,bot
koffboy,bot
laubfal,bot
lecrae,bot
liferdefempire,bot
lobs,bot
lolesports,bot
loyoung,bot
makeinindia,bot
malpensante,bot
meralco,bot
metrodesantiago,bot
metrosp_oficial,bot
mobile_81,bot
mol_ksa,bot
morandiniblog,bot
muohajer_12,bot
natalie_mu,bot
nervomusic,bot
netmedia_info,bot
nypost,bot
nytfood,bot
ocumleler,bot
onedrive,bot
onemichile,bot
passagensaereas,bot
pcgamer,bot
1D_Beards,human
1Mot3b,human
1RealRhino,human
1dryhk,human
1hairo,human
21h32,human
247Sports,human
2fl6l6,human
300LBSOFGUWOP,human
305304,human
30secondplayss,human
3_x_x_,human
3boooodOn,human
3ebod,human
407294n,human
4Shbab_net,human
4kingandcountry,human
50ShedsofGrey,human
5623V,human
5REDVELVET,human
5SOSWWnews,human
6G5,human
8NewsNow,human
8S88S,human
8TrollFootball,human
9F7teee,human
9lllll,human
9modano,human
AANafgh,human
AARP,human
ABCthedrum,human
ABOVEMILLIONS_,human
AK_ODi,human
ALAHLISA,human
ALAKBArKWWT,human
ALBASRAWI_EYAD,human
ALHURAIB4,human
ALKAHRABA,human
ANDYC_ram,human
APRYLSJONES,human
ASLAN_RUHU,human
flasherosad,human
A_alfugaier,human
A_sReViN,human
AaronBoone_ESPN,human
AashishKhetan,human
AbHamid32,human
AbbeyHemmo,human
Abo_Mrzoq,human
Abozainab939,human
AbrahamMateoESP,human
ActorsAccess,human
AdamCourtney123,human
Adel_Alawi,human
AdrianbarrosJP,human
AdvisableTweets,human
Aftenposten,human
Aguinaldinho,human
AhmettDonmez,human
Aiekillu,human
AimeeSayah,human
AjKLUI,human
Ajax1nl,human
AjazkhanActor,human
AkpartiAnkara,human
AlRajhiTakaful,human
Al_GpGp,human
Al_byaan,human
Al_otaibiq8,human
AlainFrey,human
AlbertoRuy,human
AlexChancexxx,human
AlexCrawfordSky,human
AlexSanabriaR,human
Alextheproducer,human
AlfaguaraMex,human
AlfieBoe,human
Allenleech,human
AlviroPetersen,human
AmaraLaNegraALN,human
AmarnaMiller,human
AmazingVines,human
AmberNicholeM1,human
AmirMateen2,human
AmoresCitaveis,human
AnalogueChurch,human
Andrea_Trejo1,human
AndresPellacini,human
Andy_Staples,human
Angelalerena,human
AnggunHistory,human
Angus_OL,human
AnikaNoniRose,human
AnimeExpo,human
Ano_sh2,human
AnonyMobLife,human
AnthonyDiMoro,human
AntonellaKahllo,human
AntonioTarver,human
ArabNetME,human
ArchonAmazHS,human
Arcteryx,human
ArianaArmy,human
ArianneMusic,human
ArizonaDOT,human
ArmasAbrahan,human
ArteDelFutbol,human
Aslanews,human
AssaadRazzouk,human
Assvat0MyHer0,human
AthOnly_,human
Autism,human
AvonBR,human
Ayparfavar,human
AzharAli_,human
AzzaElGarf,human
BAHRAINDOCTOR,human
BBCGoodFoodShow,human
BBVIPForum,human
BCazeneuve,human
BID_Idear,human
BJPDelhiState,human
BMGbuddamack,human
BODoficial,human
bidapap,human
BTS_ABS,human
BUMPOFCHICKEN_s,human
B_ghllab,human
BadTeddyBeer,human
Bader_j1,human
BadruulAminn,human
Bahaushee,human
BahayniQuotes,human
BaseballQuotes1,human
dyghazar,human
Belgrano,human
BenHatch,human
Beno_ldn,human
BerlinPhil,human
Besiktaslilik,human
Beytell66,human
BhadouriaPankaj,human
hemxli,human
BieggsLegacy,human
BillyHallowell,human
BillyHo_Golf,human
Bin_twalah460,human
BipolarPost,human
BishopGaryEarls,human
BoeJr88,human
BolaholicID,human
Boo77aa,human
Boulevard_Beer,human
BoxAzteca7,human
BreeEssrig,human
BrettFerres11,human
BrianCraigShow,human
BridgetteWest,human
BroScienceLife,human
BrookeMarieCam,human
BrookingsFP,human
BrunetLevitan,human
BthaOne,human
C4Paralympics,human
CAMILASMlLE,human
CAinc,human
CBSSportsNBA,human
CCulturalBOD,human
CHANBAEK_FAMILY,human
CHiCOxxx_tweet,human
CLAMP_news,human
CTFletcherISYMF,human
CURSICRUDO,human
CallumSwanny,human
Cameen23,human
CandyCharms69,human
CardiffBiz,human
CarecaTv,human
CarlitosTwit,human
Carolina_Moran,human
CashNastyGaming,human
Casperenush,human
Cath_Kidston,human
CelesteMuriega,human
ChelsTransfer,human
Chelsea_Briggs,human
ChineduIkedieze,human
ChocoTheChocobo,human
Chris_Branco,human
ChristianVDV,human
Christinekorda,human
CitasDePoeta,human
ClubNecaxa,human
CocaCola_TR,human
Coheed,human
ComeLikeMyPosts,human
Contractors_sa,human
ControleDois,human
CreatorsProject,human
Crimson,human
CrowdTSpa,human
D66,human
DAZDILLINGER,human
DJInfamousATL,human
DJ_Dee,human
DJ_TABLAA,human
DRALREFAE,human
D_bin_M,human
DaReal_Rizzy,human
DaihatsuInd,human
DallasArtNews,human
DanaBrunetti,human
DanaFLove,human
DanielUrresti1,human
DavidDeMaria,human
DavidJohnsonUK,human
Dawn_French,human
Dayafter2012,human
Dayod1adeneye,human
alohacayy,human
alphagotitall,human
am0reno1,human
amaalee,human
amandajune25,human
ameen_akrm,human
amirazakiiii,human
amxhp,human
amymastrine,human
anaalamala,human
anagcm7,human
andimgama,human
andresarodr,human
andymiami,human
anfernee37,human
angieskiff,human
aninisis,human
aniyaShynte,human
anna_pinot,human
annadgaf_,human
annako910,human
annemuyfresca,human
annnnnn_,human
anthdamatomusic,human
TONYESSTERCO,human
apple2260,human
applea32,human
aqua9donkur,human
ar_jorge1987,human
arabeerz,human
araujjo97,human
arch_passarella,human
arcticocaina,human
arianatorcrazzy,human
ariauakbar,human
aroettey,human
art_d_ashiken,human
as_kenken76,human
acphillips01,human
ashishsarangi,human
ashleyrosefvr,human
awesome_brettq,human
axx_s3l,human
ayanomikusu5277,human
aycrahc_,human
ayeeowoyele,human
ayufeme,human
ayyo_nik,human
azuki1028_pile,human
b2_xv,human
ba_rooke,human
babycupKAY,human
baekwus,human
bahliss,human
baileeraee_,human
ballin_is_lifee,human
band5ds,human
banda_mlbanda,human
bandanacIifford,human
barbarwer,human
barbichahin,human
barbieriflor1,human
bassa_tuba7,human
beaatrizeiras,human
beamarquezini,human
beatrizsamogim,human
beatrizzz00,human
zabxlle,human
beccalynann,human
been_GAWJUSS,human
beladona_mortal,human
belaxcated,human
belllalalala,human
belu_lavorerio,human
benzvroom,human
bernieabrellia,human
bertaniam,human
besosysuspiros,human
beti_ob,human
bewareofbea,human
biaamartino,human
biancabizb_,human
biancatosa,human
bibis_cora,human
biebercellbit,human
biebest,human
bigbootayhoes,human
bigscottcamden,human
bleepinUFO,human
blessinjada,human
bli1TBPrsEShCWz,human
blopzx,human
bobeina,human
bonyon_aaa,human
bradengw,human
braianlopez2000,human
bri_outram,human
brialenay,human
briellecoronet,human
brii546,human
brisagirk,human
brittflynn_,human
brodgafing,human
brojobs,human
brrrraian07,human
bruatthedisco,human
bruuunacunha,human
brylekristiann,human
burglarry28,human
busterposeys,human
bwhiteeee_,human
c_nattC,human
cafeore_disk,human
cait713,human
caitlynn_skyee,human
calabocaglauber,human
calebsivic,human
callmeMR_TIPPS,human
callmekpopper,human
camibid,human
camiladiaz181,human
camillam1raes,human
camiricco,human
cammfleitas,human
camxvalencia,human
caneloacosta,human
capostatus85,human
caraimikete,human
carlitrooCC3,human
_carmeelaaa,human
caroladuarte,human
carolavesolo,human
caroopuchetaa,human
caterinack,human
ccaattittaa,human
cconley723,human
ceamcomel,human
ceibuck,human
cem_oz,human
cesarslaysall,human
cessdomingo_,human
cha_ri_1102,human
chapajkarla,human
charlv_,human
charminginpink,human
che_31ru,human
chechuugarcia,human
chelinato,human
chelseanebolisa,human
cheriemorte,human
cherly_u_jest,human
cherylabla,human
chibiyui,human
chicchi22022,human
chineyska,human
chinhuush,human
chisae1973,human
chokemefontenot,human
choramila,human
chrishaunaxx,human
chromless,human
tintrl,human
cieeeerraaa,human
cit_collins,human
cllynro,human
cmadmax,human
coebrunin,human
coffee_powell,human
coffeycakes_23,human
colleenk407,human
conssf,human
coolfatman,human
coquiiiiiiii,human
core1013,human
corilin,human
craveedee,human
creamosdgm,human
crmnvctr,human
crystal63,human
curlydevv,human
cuteass_CRYSTAL,human
cv_aya,human
cwfajest,human
cyberKaran,human
daayh12345,human
dack1224,human
dal3666000,human
dallasftsebas,human
damedameseizin,human
dami_carrara,human
danhowellpng,human
daniela___caro,human
danieletman,human
danielgregg_,human
dannymoore1014,human
danyxmh,human
darpansacula,human
dashonsarratt,human
dav_dash,human
izumi_tw,human
judithacosta674,human
juliorj10,human
kijinyan,human
loopx3,human
maomamafish,human
nikitaskothari,human
osapon,human
skinnyape,human
suhadasani_,human
0220nicole,human
14F,human
2morrowknight,human
6ar7k,human
A_fnA6,human
sh3anh,human
AAofficial,human
ABFalecbaldwin,human
AMD1_CEO,human
ARY_YILMAZ,human
ASTROGaming,human
AS_Monaco,human
ATPWorldTour,human
AbelPintos,human
AiANews,human
AlexXxStrecci,human
AlvaroGarnero,human
AmgsInvisibles,human
Amparo_Grisales,human
AnilKapoor,human
Antonio_Rosique,human
AshishJThakkar,human
Asnicar__Brenda,human
AylinAsLIM,human
BANDA_MS,human
BRKsEDU,human
BakhtawarBZ,human
BobVila,human
Boity,human
Bootsy_Collins,human
BreeOlson,human
Brian3C,human
CASSIANECANTORA,human
CODLeague,human
CamilleCombal,human
CamposAlex,human
CapucineAnav,human
Carlos_Latre,human
ChelseaClinton,human
ChicagoBears,human
Chloe_Sims,human
ChrisJohnson28,human
CinemaNET,human
CorazonFilms,human
CyrineAbdlNour,human
DJPROSTYLE,human
DJZinhle,human
DJ_CURFEW,human
DMASIV,human
Dame_Lillard,human
DannySheridan1,human
DarrenDreger,human
DARRIONDADON_,human
DarrynLyons,human
DatoFemenino,human
DavidVonderhaar,human
David_Alaba,human
DeionSanders,human
DiarioFutbol_mx,human
DjASHBA,human
DomeSprt,human
DoveCameron,human
DrAlnefisi,human
ECBahia,human
EH3H,human
ELLEfashion,human
Eagles,human
EamonnHolmes,human
EdgeRatedR,human
ElJuanpaZurita,human
EllenPompeo,human
EmblemThree,human
Espngreeny,human
Evy_Lynch,human
Eyshila1,human
FOXTV,human
FaZeApex,human
FarydMondragon,human
FashionistaES,human
FhadOtaibi,human
Fiorello,human
FrankMWebb,human
FraseFilipeRet,human
G_Eazy,human
GameStop,human
GearboxSoftware,human
GenevieveNnaji1,human
Gidget1432,human
GiuseppeRossi22,human
GobiernodeChile,human
GuillemBalague,human
HMOIndia,human
HamillHimself,human
HarryGoaz,human
Hary_Tanoe,human
HoustonRockets,human
IMeSayIt,human
INESGOMEZMONT,human
IdolAhmedGamal,human
ImRichardYap08,human
InboxSCTV_,human
Ini_Talkshow,human
Inspiras_,human
Irma_Zuleide,human
IvanMarinSoyYo,human
IyanlaVanzant,human
JacLaurita,human
JauaMiranda,human
JawalWatani,human
JayGShore,human
JayMcGuiness,human
JenSelter,human
JessicaDuckWife,human
JheneAiko,human
JillianMichaels,human
Jimparedes,human
JoeMande,human
JoeTrippi,human
JoelMadden,human
JonahLupton,human
JosefinaVM,human
Julien_Bam,human
Julius_S_Malema,human
KBSWorldTV,human
KChenoweth,human
kiss,human
KameronBennett,human
Karol_LuceroV,human
KatherynWinnick,human
KellyandMichael,human
Kid_Ink,human
KirkHerbstreit,human
KyleRichards,human
LAClippers,human
LINCPAL,human
LV797,human
LaBomba_Televen,human
LaHojillaenTV,human
LadHumour,human
LalitKModi,human
LannesDelRey,human
LeoJaime,human
LilJon,human
LiliEstefan,human
LuluSantos,human
MATTHARDYBRAND,human
MAU_MANCERA,human
MICHELEMUPO,human
MISSMYA,human
MLP_officiel,human
MROFICIAL,human
MTVPolska,human
Macys,human
MariaCeleste,human
mariolopezviva,human
Mario_Falcone,human
MarocTopNews,human
McDonaldsJapan,human
Mechilambre,human
MedvedevRussiaE,human
MelinaSophie,human
MichaelDell,human
MichaelJaiWhite,human
MichaelVaughan,human
Michael_Trevino,human
MicheilleSoifer,human
MichelleMone,human
Miguel,human
MilagrosLeivaG,human
MillosFCoficial,human
stressionary,human
ModernFam,human
MollieOfficial,human
Much,human
NFLonFOX,human
NaifAlsabre,human
NasehatHebat,human
NatGeo_la,human
NazHz,human
NefuDaBoss,human
NihatDoganVevo,human
NituPerez,human
NylonMag,human
OfficialCharice,human
PPerezDaily,human
OfficialMelB,human
OficialGuaco,human
scump,human
PakBondan,human
W8W8S,human
__5jll__,human
abdelbariatwan,human
abdulmohsnAH,human
abualia77,human
addiems,human
akaworldwide,human
al_amer1,human
anamariasimon,human
andyblack,human
angiemartinez,human
ant_al5ir,human
anupamachopra,human
apuntesdecata,human
araceli_g,human
arnelpineda,human
astridfontenell,human
ayu_19980408,human
b2band,human
basket_mouth,human
bayhazar,human
bchameroy,human
beabinene,human
beatsbydre,human
beautylish,human
belufrancese,human
bethesda,human
brunorezende1,human
cagritaner,human
camila_vallejo,human
capitalinicial,human
carlos7bacca,human
cavs,human
chara317megane,human
charltonbrooker,human
chintskap,human
chocquibtown,human
christiancha,human
chubonelli,human
cilginyazar,human
clockwkceo,human
congjee,human
cristinacordula,human
cuatro,human
cworiginals,human
cynthia_uriastv,human
datoacmizal,human
dealwithBARBIE,human
didierdrogba,human
dose,human
dougulman,human
drcesarlozano,human
drerolkose,human
eespetacular,human
elcosodelvisto,human
emmerdale,human
enveraysevera,human
escada__5,human
eugtobaloficial,human
eva_hache,human
fahadAlmosaad,human
fahribozgeyik27,human
fdbedout,human
felipesolari,human
flavia2santos,human
flaviomendoza,human
franceinter,human
fresnorock,human
gabyramiirezz,human
gcba,human
gimeaccardi,human
glendakozlowski,human
godsgirl8494,human
gokhanozen,human
good,human
googleearth,human
greggsulkin,human
guillevaldes,human
gvprakash,human
h97979797,human
hakansukur,human
halligalli,human
harto,human
hatuncokiyi,human
hc_huseyincelik,human
hdnegro,human
helenzille,human
hellobangsie,human
iBlali,human
ibepacheco,human
ifrasescortas,human
KauLucuti,human
iksv_istanbul,human
ingridcoronado,human
iownjd,human
ishinkaraca,human
itfeelheart,human
itoi_shigesato,human
jeremstar,human
jermainedupri,human
jimcramer,human
jochemmyjer,human
jonsnowC4,human
jypnation,human
kamaalrkhan,human
karaswisher,human
kellanlutz,human
kenjeong,human
kickstarter,human
kingsleyyy,human
kiraycelis,human
kkrumkrum,human
kmlovesdabears,human
lajosa,human
lari_riquelme,human
leomoura2,human
lifeaseva,human
likemike,human
literabook,human
livestrong,human
ll6x6ll,human
lulifernandezok,human
machinegunkelly,human
magdyelugaz,human
majidaelroumi,human
majornelson,human
makozhevnikova,human
marcuslemonis,human
mcgregor_ewan,human
melissagorga,human
miakhalifa,human
michellemalkin,human
migasuaIoka,human
milanmiracle,human
miseliti,human
mohmahfudmd,human
mrdavidhaye,human
mrsfunnybones,human
msh22222,human
mtuan93,human
nadeemmalik,human
natvertiz,human
netas_divinas,human
nico_riera,human
notthefakeSVP,human
nybooks,human
nyjets,human
oficialHASSAM,human
oguisantana,human
ogzatbs,human
omgrelatabIe,human
omurgedik,human
oscarcitomundo,human
1reasontogo,bot
emoji_dna,bot
Sunlight_Bot,bot
_valley_sunset_,bot
EmojiWeatherCA,bot
palitra_color,bot
schmuckbot,bot
researchinator,bot
lighthousewiki,bot
color_parrot,bot
PlanMyDayBot,bot
alignment_bot,bot
TilingBot,bot
ReadMeLikeABot,bot
everyringfort,bot
ROB0TIUS,bot
RedwallFeasts,bot
megacities1,bot
WritersBlockBot,bot
EmojiSnakeGame,bot
among_stars_,bot
doorsateight,bot
BotZodiac,bot
palette_gen,bot
paintingwmusic,bot
WikiPlotBot,bot
yearProgressHeb,bot
WikipediaDelete,bot
BotClassroom,bot
a_softer,bot
eecummings_bot,bot
FilmRevisionist,bot
SnailFact,bot
MillennialMurd1,bot
WesAndFilmBot,bot
RoadTripBot_,bot
partyblowup,bot
tarojibot,bot
Emojimuseet,bot
helloworld__bot,bot
new_fruits,bot
furniture_gen,bot
ANWarriorBot,bot
LetsPlayTrivia,bot
NuclearTrains,bot
FlyFAA_Deicing,bot
PatternRandom,bot
RollDiceBot,bot
IssOverhead,bot
CSPANFive,bot
bot_enough,bot
fake_find,bot
eatroastbeef,bot
glitch80bot,bot
AColourEveryDay,bot
Cypher_B0t,bot
PKMNOldMan,bot
RandomColorGen,bot
winthroplaundry,bot
notyourbot1,bot
HSollewitt,bot
trendingpalette,bot
nondenotative,bot
MuseumGenerator,bot
soundcloudsaid,bot
xislikeay,bot
gendercakes,bot
osxthemes,bot
BotMondrian,bot
BodegaBot,bot
Rene_Damaul,bot
100Aux,bot
botribunal,bot
deltron_f,bot
brokenpatterns,bot
WyWilderness,bot
BotQuilt,bot
Bartlebythebot,bot
bot_abandoned,bot
Moondogbot,bot
_AARON_bot,bot
30minutemix,bot
Lightbothouse,bot
ishipitbot,bot
NPS20180007Bot,bot
EffDeeEmmu,bot
HConstellations,bot
Selfdisembowel,bot
wolf_clock,bot
softlandscapes,bot
BotDuCul,bot
starnearyou,bot
nonogram_bot,bot
JPEGBot,bot
soundesignquery,bot
everylotnyc,bot
tinydotblot,bot
emojiatlas,bot
TinyDungeons,bot
tiny_street,bot
tiny_mssn_ctrl,bot
ArpObservatory,bot
actual_ransom,bot
50hexofgrey,bot
365sparkles,bot
100yearsrising,bot
glas_veil,bot
PixelMonsterBot,bot
dynamicportrai1,bot
OminousZoom,bot
MadcoilA,bot
CityDescriber,bot
SmoothUnicode,bot
AdventureNames,bot
latinonamebot,bot
sorryenglishbot,bot
graphmosphere,bot
FoodieMenuBot,bot
USDumpsterFire,bot
lovelivesbot,bot
fearwantbot,bot
rhymerobot,bot
onthisdayrobot,bot
phl_abatements,bot
Rothko_Bot,bot
diehard_1988,bot
ghostbusters_84,bot
RestroomGender,bot
corrupt_memory,bot
GlitchLogos,bot
InstallingJava,bot
AAAAAAAStudents,bot
BotSpill,bot
southpoleviews,bot
randomlivetext,bot
assortedfiles,bot
autodoyle,bot
some_flags,bot
GhostOfBotPast,bot
ActSciBot,bot
folkloricbot,bot
BraffPatterns,bot
whinygenealogy,bot
openbenches,bot
tinylittlehomes,bot
Strange_Museum,bot
FlagsFalse,bot
showoff_ebooks,bot
GraphicScoreBot,bot
botcocktails,bot
Whinge_Bot,bot
visualrecordbot,bot
TinyColorPoems,bot
extracapitalism,bot
OffbeatRPG,bot
costumebot,bot
JudithBotler,bot
Smoothiebot,bot
ruestungshaul,bot
imgfkr,bot
spiraesthetic,bot
winampskins,bot
realfestivals,bot
AnarrestiName,bot
Open_Brother,bot
DadaistTwit,bot
BokuWaKinoDesu,bot
So_YouBotDetntn,bot
RebottaSugar,bot
GameDesignXpert,bot
No_hay_bot,bot
officefridgebot,bot
10printbot,bot
mythlibs,bot
PlanetarySurvey,bot
winter_scapes,bot
ImprovChallenge,bot
bitsofsaturn,bot
TorfsBot,bot
IedereenKevin,bot
choosetoaccept,bot
civicissues,bot
MI6Archives,bot
2fistedstories,bot
NanceBot,bot
VitaVirginiaBot,bot
infinite_zodiac,bot
MuskSolutions,bot
FPAdventuresBot,bot
dot_scr,bot
spacesh1ps,bot
jeorkov,bot
tinysightings,bot
autoRNG,bot
WITCHES_WIZARDS,bot
best_in_dumbest,bot
p0em_bot,bot
art_museum_bot,bot
doskvolscores,bot
firici_vici,bot
botifyouagree,bot
poetranslator,bot
findyourreps,bot
EmojiGenderBot,bot
1StarLandmarks,bot
AdjectiveInCity,bot
happyendingbot,bot
emojitracks,bot
FoleyArtists,bot
dailysicp,bot
bot_de_colores,bot
Abolish_ICE_Now,bot
BotEquippedWith,bot
mauritscorneIis,bot
happy_botday,bot
wikitimelines,bot
DailyPianoScale,bot
bedbugbot,bot
dragonhoards,bot
JoyOfBotRoss,bot
resenhabot,bot
cientistas_bot,bot
osalgoritmos,bot
CozinhaBot,bot
NtflxGenerator,bot
CultureShip_bot,bot
everyherd_bot,bot
stellaraquaria,bot
FakeHQ,bot
littlebubbot,bot
SpritesByBitsy,bot
SynonymSpectra,bot
window_scene,bot
yourwindowbot,bot
happyautomata,bot
PrimitivePic,bot
pollockdotexe,bot
grow_slow,bot
LatostadoraBot,bot
ebooks_goetia,bot
cloudplug,bot
faketmglyrics,bot
goth_lyrics,bot
BotConnectFour,bot
astrology_bot,bot
dopamineharvest,bot
CWF_Forecast,bot
DRyderNicknames,bot
wavy_bgs,bot
LionelIpsum,bot
hometapingkills,bot
EveryFeature,bot
thosewhodgiveup,bot
BRTLSTvsTRNGLFY,bot
fakefantas,bot
LibraryH,bot
okay_campers,bot
TwinPeaksBot,bot
ShowdownBot,bot
WordsofMcCarthy,bot
weight_not_want,bot
AdvSettings_,bot
Slam140,bot
arniecommentary,bot
arguetron,bot
256farben,bot
Vox_Plus,bot
anywizard,bot
Vox304,bot
_OutToSea_,bot
transitingnow,bot
ManyShirts,bot
dayofweek_bot,bot
HomeMoviesBot,bot
FermiPasteladox,bot
smilevector,bot
emoji_pizzas,bot
botinthewoods,bot
shakyinsultbot,bot
shakethatbrass2,bot
tweegeemee,bot
rightnowbbcr1,bot
rightnow6music,bot
SandpileArtBot,bot
howmanybigmacs,bot
genrenator,bot
trashcanlife,bot
arrrrdoubloons,bot
last100bills,bot
AppraisalBot,bot
galaxymarcopolo,bot
maybe_the_real,bot
computerzooom,bot
time4gametheory,bot
sadkeanubot,bot
theasciiartbot,bot
Littlelandscap2,bot
whatkilledme,bot
boggle_bot,bot
birdbot4,bot
badphotoquality,bot
corporabrackets,bot
HalloSpacebot,bot
hypno__bot,bot
tinyspires,bot
theairplane_bot,bot
potus_in_parens,bot
a_painting_bot,bot
ArtConnoisseur_,bot
CatYoncee,bot
endingsummary,bot
cool_cats,bot
gallet_city,bot
ASCIIGalaxy,bot
FOIAFeed,bot
BracketMemeBot,bot
DumbHolidays,bot
deitygalaxy,bot
PrettyBirdsBot,bot
bubble_bott,bot
